id,model,graph,factor,restore_s,target_final_fraction,target_ever_fraction,final_fraction_difference,ever_fraction_difference,final_voltage_difference_mV
case0144,bistable,original,0.9,0.02,0.0,0.0,0.0,0.0,0.0
case0145,bistable,original,0.9,0.05,0.0,0.0,0.0,0.0,0.0
case0146,bistable,original,0.9,0.2,0.0,0.0,0.0,0.0,0.0
case0147,bistable,original,0.9,0.5,0.0,0.0,0.0,0.0,0.0
case0148,bistable,original,1.0,0.02,1.0,1.0,0.0,0.0,0.0
case0149,bistable,original,1.0,0.05,1.0,1.0,0.0,0.0,0.0
case0150,bistable,original,1.0,0.2,1.0,1.0,0.0,0.0,0.0
case0151,bistable,original,1.0,0.5,1.0,1.0,0.0,0.0,0.0
case0152,bistable,original,1.1,0.02,1.0,1.0,0.0,0.0,0.0
case0153,bistable,original,1.1,0.05,1.0,1.0,0.0,0.0,0.0
case0154,bistable,original,1.1,0.2,1.0,1.0,0.0,0.0,0.0
case0155,bistable,original,1.1,0.5,1.0,1.0,0.0,0.0,0.0
case0156,bistable,interface_10pct,0.9,0.02,1.0,1.0,1.0,1.0,57.733368012093244
case0157,bistable,interface_10pct,0.9,0.05,1.0,1.0,1.0,1.0,57.733368012108905
case0158,bistable,interface_10pct,0.9,0.2,1.0,1.0,1.0,1.0,57.73336801210736
case0159,bistable,interface_10pct,0.9,0.5,1.0,1.0,1.0,1.0,57.73336801210913
case0160,bistable,interface_10pct,1.0,0.02,1.0,1.0,0.0,0.0,-7.368328169832239e-12
case0161,bistable,interface_10pct,1.0,0.05,1.0,1.0,0.0,0.0,3.552713678800501e-14
case0162,bistable,interface_10pct,1.0,0.2,1.0,1.0,0.0,0.0,-2.1245227799226996e-12
case0163,bistable,interface_10pct,1.0,0.5,1.0,1.0,0.0,0.0,-3.907985046680551e-13
case0164,bistable,interface_10pct,1.1,0.02,1.0,1.0,0.0,0.0,3.268496584496461e-13
case0165,bistable,interface_10pct,1.1,0.05,1.0,1.0,0.0,0.0,-6.465938895416912e-13
case0166,bistable,interface_10pct,1.1,0.2,1.0,1.0,0.0,0.0,-3.367972567502875e-12
case0167,bistable,interface_10pct,1.1,0.5,1.0,1.0,0.0,0.0,-6.679101716144942e-13
case0168,bistable,independent32_seed11,0.9,0.02,0.0,0.0,0.0,0.0,-1.3766765505351941e-14
case0169,bistable,independent32_seed11,0.9,0.05,0.0,0.0,0.0,0.0,-1.3988810110276972e-14
case0170,bistable,independent32_seed11,0.9,0.2,0.0,0.0,0.0,0.0,3.4638958368304884e-14
case0171,bistable,independent32_seed11,0.9,0.5,0.0,0.0,0.0,0.0,2.7755575615628914e-14
case0172,bistable,independent32_seed11,1.0,0.02,1.0,1.0,0.0,0.0,3.9179326449811924e-11
case0173,bistable,independent32_seed11,1.0,0.05,1.0,1.0,0.0,0.0,1.2931877790833823e-12
case0174,bistable,independent32_seed11,1.0,0.2,1.0,1.0,0.0,0.0,5.130118552187923e-12
case0175,bistable,independent32_seed11,1.0,0.5,1.0,1.0,0.0,0.0,2.7071678232459817e-12
case0176,bistable,independent32_seed11,1.1,0.02,1.0,1.0,0.0,0.0,-1.2640555269172182e-11
case0177,bistable,independent32_seed11,1.1,0.05,1.0,1.0,0.0,0.0,-1.8047785488306545e-12
case0178,bistable,independent32_seed11,1.1,0.2,1.0,1.0,0.0,0.0,-1.247713043994736e-11
case0179,bistable,independent32_seed11,1.1,0.5,1.0,1.0,0.0,0.0,-3.3580249692022335e-11
case0180,bistable,independent32_seed22,0.9,0.02,0.0,0.0,0.0,0.0,-2.0761170560490427e-14
case0181,bistable,independent32_seed22,0.9,0.05,0.0,0.0,0.0,0.0,-1.3988810110276972e-14
case0182,bistable,independent32_seed22,0.9,0.2,0.0,0.0,0.0,0.0,2.0872192862952943e-14
case0183,bistable,independent32_seed22,0.9,0.5,0.0,0.0,0.0,0.0,2.7755575615628914e-14
case0184,bistable,independent32_seed22,1.0,0.02,1.0,1.0,0.0,0.0,-1.4708234630234074e-12
case0185,bistable,independent32_seed22,1.0,0.05,1.0,1.0,0.0,0.0,-7.105427357601002e-14
case0186,bistable,independent32_seed22,1.0,0.2,1.0,1.0,0.0,0.0,3.652189661806915e-12
case0187,bistable,independent32_seed22,1.0,0.5,1.0,1.0,0.0,0.0,1.6697754290362354e-12
case0188,bistable,independent32_seed22,1.1,0.02,1.0,1.0,0.0,0.0,-3.765876499528531e-12
case0189,bistable,independent32_seed22,1.1,0.05,1.0,1.0,0.0,0.0,2.6361135496699717e-12
case0190,bistable,independent32_seed22,1.1,0.2,1.0,1.0,0.0,0.0,5.831424232383142e-11
case0191,bistable,independent32_seed22,1.1,0.5,1.0,1.0,0.0,0.0,-2.7498003873915877e-12
case0192,bistable,independent32_seed33,0.9,0.02,0.0,0.0,0.0,0.0,0.0
case0193,bistable,independent32_seed33,0.9,0.05,1.0,1.0,1.0,1.0,57.73336801210912
case0194,bistable,independent32_seed33,0.9,0.2,1.0,1.0,1.0,1.0,57.733368012068574
case0195,bistable,independent32_seed33,0.9,0.5,1.0,1.0,1.0,1.0,57.733368012105615
case0196,bistable,independent32_seed33,1.0,0.02,1.0,1.0,0.0,0.0,-2.5579538487363607e-11
case0197,bistable,independent32_seed33,1.0,0.05,1.0,1.0,0.0,0.0,1.1155520951433573e-12
case0198,bistable,independent32_seed33,1.0,0.2,1.0,1.0,0.0,0.0,-1.021760454023024e-11
case0199,bistable,independent32_seed33,1.0,0.5,1.0,1.0,0.0,0.0,1.9390711258893134e-11
case0200,bistable,independent32_seed33,1.1,0.02,1.0,1.0,0.0,0.0,1.7763568394002505e-13
case0201,bistable,independent32_seed33,1.1,0.05,1.0,1.0,0.0,0.0,-2.9203306439740118e-12
case0202,bistable,independent32_seed33,1.1,0.2,1.0,1.0,0.0,0.0,3.0198066269804258e-12
case0203,bistable,independent32_seed33,1.1,0.5,1.0,1.0,0.0,0.0,1.433164698028122e-11
case0204,bistable,cut,0.9,0.02,1.0,1.0,1.0,1.0,57.73336801214805
case0205,bistable,cut,0.9,0.05,1.0,1.0,1.0,1.0,57.73336801210666
case0206,bistable,cut,0.9,0.2,1.0,1.0,1.0,1.0,57.7333680120947
case0207,bistable,cut,0.9,0.5,1.0,1.0,1.0,1.0,57.733368012107405
case0208,bistable,cut,1.0,0.02,1.0,1.0,0.0,0.0,7.887024366937112e-12
case0209,bistable,cut,1.0,0.05,1.0,1.0,0.0,0.0,-1.6271428648906294e-12
case0210,bistable,cut,1.0,0.2,1.0,1.0,0.0,0.0,-1.4864554032101296e-11
case0211,bistable,cut,1.0,0.5,1.0,1.0,0.0,0.0,-2.0961010704922955e-12
case0212,bistable,cut,1.1,0.02,1.0,1.0,0.0,0.0,2.5437429940211587e-12
case0213,bistable,cut,1.1,0.05,1.0,1.0,0.0,0.0,-2.8705926524708048e-12
case0214,bistable,cut,1.1,0.2,1.0,1.0,0.0,0.0,-1.6129320101754274e-11
case0215,bistable,cut,1.1,0.5,1.0,1.0,0.0,0.0,-2.3874235921539366e-12
case0216,excitable,original,0.9,0.02,0.0,0.019230769230769232,0.0,0.0,0.0
case0217,excitable,original,0.9,0.05,0.0,0.019230769230769232,0.0,0.0,0.0
case0218,excitable,original,0.9,0.2,0.0,0.019230769230769232,0.0,0.0,0.0
case0219,excitable,original,0.9,0.5,0.0,0.019230769230769232,0.0,0.0,0.0
case0220,excitable,original,1.0,0.02,0.0,1.0,0.0,0.0,0.0
case0221,excitable,original,1.0,0.05,0.0,1.0,0.0,0.0,0.0
case0222,excitable,original,1.0,0.2,0.0,1.0,0.0,0.0,0.0
case0223,excitable,original,1.0,0.5,0.0,1.0,0.0,0.0,0.0
case0224,excitable,original,1.1,0.02,0.0,1.0,0.0,0.0,0.0
case0225,excitable,original,1.1,0.05,0.0,1.0,0.0,0.0,0.0
case0226,excitable,original,1.1,0.2,0.0,1.0,0.0,0.0,0.0
case0227,excitable,original,1.1,0.5,0.0,1.0,0.0,0.0,0.0
case0228,excitable,interface_10pct,0.9,0.02,0.0,1.0,0.0,0.9807692307692307,-4.630830441332279e-09
case0229,excitable,interface_10pct,0.9,0.05,0.0,1.0,0.0,0.9807692307692307,-5.25078591717687e-09
case0230,excitable,interface_10pct,0.9,0.2,0.0,0.0,0.0,-0.019230769230769232,-4.6142256682202287e-10
case0231,excitable,interface_10pct,0.9,0.5,0.0,0.0,0.0,-0.019230769230769232,-4.677647158501941e-10
case0232,excitable,interface_10pct,1.0,0.02,0.0,1.0,0.0,0.0,7.427392034742297e-10
case0233,excitable,interface_10pct,1.0,0.05,0.0,1.0,0.0,0.0,1.1793344079080725e-10
case0234,excitable,interface_10pct,1.0,0.2,0.0,0.0,0.0,-1.0,4.8848564082604184e-09
case0235,excitable,interface_10pct,1.0,0.5,0.0,0.0,0.0,-1.0,4.878562831489575e-09
case0236,excitable,interface_10pct,1.1,0.02,0.0,1.0,0.0,0.0,1.419836470617497e-10
case0237,excitable,interface_10pct,1.1,0.05,0.0,1.0,0.0,0.0,-4.840225442670487e-10
case0238,excitable,interface_10pct,1.1,0.2,0.0,0.0,0.0,-1.0,4.264706643386518e-09
case0239,excitable,interface_10pct,1.1,0.5,0.0,0.0,0.0,-1.0,4.25853102781204e-09
case0240,excitable,independent32_seed11,0.9,0.02,0.0,0.019230769230769232,0.0,0.0,-4.2327252813834093e-13
case0241,excitable,independent32_seed11,0.9,0.05,0.0,0.019230769230769232,0.0,0.0,-5.48172618408671e-13
case0242,excitable,independent32_seed11,0.9,0.2,0.0,0.019230769230769232,0.0,0.0,-5.898059818321144e-13
case0243,excitable,independent32_seed11,0.9,0.5,0.0,0.019230769230769232,0.0,0.0,-5.967448757360216e-13
case0244,excitable,independent32_seed11,1.0,0.02,0.0,1.0,0.0,0.0,4.880540416252188e-10
case0245,excitable,independent32_seed11,1.0,0.05,0.0,1.0,0.0,0.0,4.755987270677053e-10
case0246,excitable,independent32_seed11,1.0,0.2,0.0,1.0,0.0,0.0,4.723652025084846e-10
case0247,excitable,independent32_seed11,1.0,0.5,0.0,1.0,0.0,0.0,4.723652025084846e-10
case0248,excitable,independent32_seed11,1.1,0.02,0.0,1.0,0.0,0.0,3.046174423815273e-11
case0249,excitable,independent32_seed11,1.1,0.05,0.0,1.0,0.0,0.0,1.3364309658925322e-11
case0250,excitable,independent32_seed11,1.1,0.2,0.0,1.0,0.0,0.0,1.0845491171806998e-11
case0251,excitable,independent32_seed11,1.1,0.5,0.0,1.0,0.0,0.0,1.0824674490095276e-11
case0252,excitable,independent32_seed22,0.9,0.02,0.0,0.019230769230769232,0.0,0.0,-2.0816681711721685e-13
case0253,excitable,independent32_seed22,0.9,0.05,0.0,0.019230769230769232,0.0,0.0,-2.8449465006019636e-13
case0254,excitable,independent32_seed22,0.9,0.2,0.0,0.019230769230769232,0.0,0.0,-3.191891195797325e-13
case0255,excitable,independent32_seed22,0.9,0.5,0.0,0.019230769230769232,0.0,0.0,-3.191891195797325e-13
case0256,excitable,independent32_seed22,1.0,0.02,0.0,1.0,0.0,0.0,4.2251618870281504e-10
case0257,excitable,independent32_seed22,1.0,0.05,0.0,1.0,0.0,0.0,4.1963654773269354e-10
case0258,excitable,independent32_seed22,1.0,0.2,0.0,1.0,0.0,0.0,4.125103036933808e-10
case0259,excitable,independent32_seed22,1.0,0.5,0.0,1.0,0.0,0.0,4.1252418148118863e-10
case0260,excitable,independent32_seed22,1.1,0.02,0.0,1.0,0.0,0.0,1.637578961322106e-11
case0261,excitable,independent32_seed22,1.1,0.05,0.0,1.0,0.0,0.0,3.7816971776294395e-12
case0262,excitable,independent32_seed22,1.1,0.2,0.0,1.0,0.0,0.0,-3.0531133177191805e-13
case0263,excitable,independent32_seed22,1.1,0.5,0.0,1.0,0.0,0.0,-2.7755575615628914e-13
case0264,excitable,independent32_seed33,0.9,0.02,0.0,1.0,0.0,0.9807692307692307,-4.903653871846103e-09
case0265,excitable,independent32_seed33,0.9,0.05,0.0,1.0,0.0,0.9807692307692307,-4.92107049554491e-09
case0266,excitable,independent32_seed33,0.9,0.2,0.0,1.0,0.0,0.9807692307692307,-4.92526158746287e-09
case0267,excitable,independent32_seed33,0.9,0.5,0.0,1.0,0.0,0.9807692307692307,-4.9252477096750624e-09
case0268,excitable,independent32_seed33,1.0,0.02,0.0,1.0,0.0,0.0,6.181929967929989e-10
case0269,excitable,independent32_seed33,1.0,0.05,0.0,1.0,0.0,0.0,6.014216902272551e-10
case0270,excitable,independent32_seed33,1.0,0.2,0.0,1.0,0.0,0.0,5.991665497084853e-10
case0271,excitable,independent32_seed33,1.0,0.5,0.0,1.0,0.0,0.0,5.991387941328696e-10
case0272,excitable,independent32_seed33,1.1,0.02,0.0,1.0,0.0,0.0,8.641004578535671e-11
case0273,excitable,independent32_seed33,1.1,0.05,0.0,1.0,0.0,0.0,7.203959651036485e-11
case0274,excitable,independent32_seed33,1.1,0.2,0.0,1.0,0.0,0.0,7.039507865513883e-11
case0275,excitable,independent32_seed33,1.1,0.5,0.0,1.0,0.0,0.0,7.03673230795232e-11
case0276,excitable,cut,0.9,0.02,0.0,1.0,0.0,0.9807692307692307,-4.604233660998602e-09
case0277,excitable,cut,0.9,0.05,0.0,1.0,0.0,0.9807692307692307,-5.256010904286512e-09
case0278,excitable,cut,0.9,0.2,0.0,0.0,0.0,-0.019230769230769232,-4.0228931297292547e-10
case0279,excitable,cut,0.9,0.5,0.0,0.0,0.0,-0.019230769230769232,-4.119343754993565e-10
case0280,excitable,cut,1.0,0.02,0.0,1.0,0.0,0.0,7.606623664280221e-10
case0281,excitable,cut,1.0,0.05,0.0,1.0,0.0,0.0,1.0744877210200343e-10
case0282,excitable,cut,1.0,0.2,0.0,0.0,0.0,-1.0,4.942934950236122e-09
case0283,excitable,cut,1.0,0.5,0.0,0.0,0.0,-1.0,4.9334009100121534e-09
case0284,excitable,cut,1.1,0.02,0.0,1.0,0.0,0.0,1.5574347367319774e-10
case0285,excitable,cut,1.1,0.05,0.0,1.0,0.0,0.0,-4.985387103140226e-10
case0286,excitable,cut,1.1,0.2,0.0,0.0,0.0,-1.0,4.321952518093752e-09
case0287,excitable,cut,1.1,0.5,0.0,0.0,0.0,-1.0,4.312578072429574e-09
