id,graph,tau_s,gap,dose,pulse_s,peak_retained_percent,area_retained_percent,peak_delay_ms,centroid_delay_ms
case0000,original,0.0148,1.0,equal_charge,0.001,100.00000000000001,100.0,0.0,0.0
case0001,original,0.0148,1.0,equal_current,0.001,100.0,100.0,0.0,0.0
case0002,original,0.0148,1.0,equal_charge,0.01,100.0,100.0,0.0,0.0
case0003,original,0.0148,1.0,equal_current,0.01,100.0,100.0,0.0,0.0
case0004,original,0.0148,1.0,equal_charge,0.1,100.0,100.0,0.0,0.0
case0005,original,0.0148,1.0,equal_current,0.1,100.0,100.0,0.0,0.0
case0006,interface_10pct,0.0148,1.0,equal_charge,0.001,17.999881276638156,23.84732005162658,2.0,2.5818534044831347
case0007,interface_10pct,0.0148,1.0,equal_current,0.001,18.00737565871189,23.868557739372118,2.0,2.5915321401909046
case0008,interface_10pct,0.0148,1.0,equal_charge,0.01,19.81632901351482,23.856840288635635,1.0000000000000009,2.5843744931669055
case0009,interface_10pct,0.0148,1.0,equal_current,0.01,19.8120674632475,23.839684059757914,1.0000000000000009,2.576531748814831
case0010,interface_10pct,0.0148,1.0,equal_charge,0.1,23.87006079717765,23.83319738958289,3.9999999999999964,2.516781794753113
case0011,interface_10pct,0.0148,1.0,equal_current,0.1,23.802651965975404,23.76347422838818,3.9999999999999964,2.4785560357918763
case0012,independent32_seed11,0.0148,1.0,equal_charge,0.001,99.75328167478561,99.03270251399063,0.0,-0.03601629481619212
case0013,independent32_seed11,0.0148,1.0,equal_current,0.001,99.75337435856733,99.0335363202418,0.0,-0.03589596444033942
case0014,independent32_seed11,0.0148,1.0,equal_charge,0.01,99.35488542983592,99.03306390339702,0.0,-0.035934308557149935
case0015,independent32_seed11,0.0148,1.0,equal_current,0.01,99.35451969460361,99.03208321617005,0.0,-0.03606758166396426
case0016,independent32_seed11,0.0148,1.0,equal_charge,0.1,99.03344574725028,99.04008914814382,0.0,-0.03400916115968433
case0017,independent32_seed11,0.0148,1.0,equal_current,0.1,99.0272365865831,99.03372845072536,0.0,-0.035056635351499166
case0018,independent32_seed22,0.0148,1.0,equal_charge,0.001,99.99898537408052,99.95835789314022,0.0,-0.005414744393656551
case0019,independent32_seed22,0.0148,1.0,equal_current,0.001,99.99899871623859,99.95901378313873,0.0,-0.005330748081006434
case0020,independent32_seed22,0.0148,1.0,equal_charge,0.01,99.99384478801673,99.95842192642931,0.0,-0.005394057822755843
case0021,independent32_seed22,0.0148,1.0,equal_current,0.01,99.99372172502531,99.95765354258108,0.0,-0.005491033922505259
case0022,independent32_seed22,0.0148,1.0,equal_charge,0.1,99.95895257506074,99.95819272027934,0.0,-0.005386048938627042
case0023,independent32_seed22,0.0148,1.0,equal_current,0.1,99.95499472465683,99.9533800442087,0.0,-0.006137260880403894
case0024,independent32_seed33,0.0148,1.0,equal_charge,0.001,99.98098768360563,99.9249462122607,0.0,0.0001556446341480916
case0025,independent32_seed33,0.0148,1.0,equal_current,0.001,99.98102052150911,99.92608456873145,0.0,0.00029369497580450377
case0026,independent32_seed33,0.0148,1.0,equal_charge,0.01,99.93453023209187,99.92501029411918,0.0,0.0001501620342410359
case0027,independent32_seed33,0.0148,1.0,equal_current,0.01,99.93425142016275,99.92358197405503,0.0,-2.5184424053137366e-05
case0028,independent32_seed33,0.0148,1.0,equal_charge,0.1,99.92599873595341,99.92667212942256,0.0,0.00033569750997053394
case0029,independent32_seed33,0.0148,1.0,equal_current,0.1,99.91844254763556,99.91835935980853,0.0,-0.0009454195815175592
case0030,cut,0.0148,1.0,equal_charge,0.001,8.85099148424756e-10,5.921559113812553e-09,835.0,569.4997747700648
case0031,cut,0.0148,1.0,equal_current,0.001,4.763804213247729e-09,2.6814008938751333e-08,915.0,579.8881789321638
case0032,cut,0.0148,1.0,equal_charge,0.01,9.427072706455991e-10,5.5453250370983296e-09,438.0,566.025272863502
case0033,cut,0.0148,1.0,equal_current,0.01,4.306221655935313e-10,2.6744427912793444e-09,423.0,559.8081484661934
case0034,cut,0.0148,1.0,equal_charge,0.1,7.408361961250053e-07,2.456458759086139e-07,269.0,270.03900266873836
case0035,cut,0.0148,1.0,equal_current,0.1,6.961881029145951e-07,2.2655772770438762e-07,271.0,265.2116498252498
case0036,original,0.0148,4.0,equal_charge,0.001,99.99999999999999,100.0,0.0,0.0
case0037,original,0.0148,4.0,equal_current,0.001,100.0,100.0,0.0,0.0
case0038,original,0.0148,4.0,equal_charge,0.01,100.0,100.0,0.0,0.0
case0039,original,0.0148,4.0,equal_current,0.01,100.0,100.0,0.0,0.0
case0040,original,0.0148,4.0,equal_charge,0.1,100.0,99.99999999999999,0.0,0.0
case0041,original,0.0148,4.0,equal_current,0.1,100.0,100.0,0.0,0.0
case0042,interface_10pct,0.0148,4.0,equal_charge,0.001,27.326287086125866,37.58502045559267,3.0,2.45914496416582
case0043,interface_10pct,0.0148,4.0,equal_current,0.001,27.33090801408677,37.596417385656245,3.0,2.464712823964991
case0044,interface_10pct,0.0148,4.0,equal_charge,0.01,31.646223774883183,37.591786886996395,0.9999999999999991,2.4596744597083706
case0045,interface_10pct,0.0148,4.0,equal_current,0.01,31.644641259127084,37.58595847875802,0.9999999999999991,2.4576636821517557
case0046,interface_10pct,0.0148,4.0,equal_charge,0.1,37.597653210368456,37.54253838763131,3.9999999999999964,2.3937841956730015
case0047,interface_10pct,0.0148,4.0,equal_current,0.1,37.57651145581052,37.52108782214326,3.9999999999999964,2.385902392316952
case0048,independent32_seed11,0.0148,4.0,equal_charge,0.001,99.29720427940974,98.89437714456744,0.0,0.017975664139309455
case0049,independent32_seed11,0.0148,4.0,equal_current,0.001,99.2972370242613,98.8962817905396,0.0,0.025107857411733533
case0050,independent32_seed11,0.0148,4.0,equal_charge,0.01,98.72664885849115,98.89444394251305,0.0,0.017933221141934116
case0051,independent32_seed11,0.0148,4.0,equal_current,0.01,98.72642796140403,98.89335261317522,0.0,0.016865948678440948
case0052,independent32_seed11,0.0148,4.0,equal_charge,0.1,98.89358191074062,98.89461556337517,0.0,0.016676827586908916
case0053,independent32_seed11,0.0148,4.0,equal_current,0.1,98.8910758800957,98.89046913336907,0.0,0.015193716005723612
case0054,independent32_seed22,0.0148,4.0,equal_charge,0.001,99.99489848428341,99.77152121438561,0.0,-0.011883109690196889
case0055,independent32_seed22,0.0148,4.0,equal_current,0.001,99.99490707634479,99.77274234941487,0.0,-0.009728469361407893
case0056,independent32_seed22,0.0148,4.0,equal_charge,0.01,99.89504556870098,99.77180701113095,0.0,-0.011854267760912779
case0057,independent32_seed22,0.0148,4.0,equal_current,0.01,99.89488366065888,99.7710945558948,0.0,-0.012195893875252897
case0058,independent32_seed22,0.0148,4.0,equal_charge,0.1,99.77133872371317,99.77451951525055,0.0,-0.011803297872002572
case0059,independent32_seed22,0.0148,4.0,equal_current,0.1,99.76925430157398,99.77166249124772,0.0,-0.011944996723169121
case0060,independent32_seed33,0.0148,4.0,equal_charge,0.001,99.930732821425,100.02487439819483,0.0,0.010514291948773846
case0061,independent32_seed33,0.0148,4.0,equal_current,0.001,99.93075126992915,100.02727390277188,0.0,0.019757417052308074
case0062,independent32_seed33,0.0148,4.0,equal_charge,0.01,99.9451711435996,100.02513166608165,0.0,0.010513929413369372
case0063,independent32_seed33,0.0148,4.0,equal_current,0.01,99.94496419741486,100.02405908115466,0.0,0.00920836057054751
case0064,independent32_seed33,0.0148,4.0,equal_charge,0.1,100.02548089006459,100.02446499395808,0.0,0.009835356631279768
case0065,independent32_seed33,0.0148,4.0,equal_current,0.1,100.02183118188425,100.02019489622396,0.0,0.007348730910808343
case0066,cut,0.0148,4.0,equal_charge,0.001,1.1095407472529427e-05,0.00010230902783362458,210.0,553.7083408832439
case0067,cut,0.0148,4.0,equal_current,0.001,4.7582004662512414e-05,0.000496405506333795,294.0,553.2555370205272
case0068,cut,0.0148,4.0,equal_charge,0.01,1.3420783102275573e-05,0.00010402552223484704,246.0,550.3258763419482
case0069,cut,0.0148,4.0,equal_current,0.01,6.581591203030508e-06,5.1359924728444806e-05,231.99999999999997,552.6224278275588
case0070,cut,0.0148,4.0,equal_charge,0.1,0.00012763655719815029,0.00013752045102303259,242.00000000000003,531.0303273648216
case0071,cut,0.0148,4.0,equal_current,0.1,2.9359740299943655e-06,2.902199502485673e-06,268.0,544.3790574356634
case0072,original,0.0592,1.0,equal_charge,0.001,100.0,100.0,0.0,0.0
case0073,original,0.0592,1.0,equal_current,0.001,100.0,100.0,0.0,0.0
case0074,original,0.0592,1.0,equal_charge,0.01,100.0,100.0,0.0,0.0
case0075,original,0.0592,1.0,equal_current,0.01,100.0,100.0,0.0,0.0
case0076,original,0.0592,1.0,equal_charge,0.1,100.0,100.0,0.0,0.0
case0077,original,0.0592,1.0,equal_current,0.1,100.0,100.0,0.0,0.0
case0078,interface_10pct,0.0592,1.0,equal_charge,0.001,18.106529484143525,24.172007258439397,3.0,2.7489769249543077
case0079,interface_10pct,0.0592,1.0,equal_current,0.001,18.10978955047364,24.181984505169023,3.0,2.755270019986933
case0080,interface_10pct,0.0592,1.0,equal_charge,0.01,19.862964621719414,24.175272174401627,1.0000000000000009,2.748836129206058
case0081,interface_10pct,0.0592,1.0,equal_current,0.01,19.86173292130786,24.167406654462678,1.0000000000000009,2.743927146971293
case0082,interface_10pct,0.0592,1.0,equal_charge,0.1,24.182547240605636,24.059089994850034,3.0000000000000027,2.5057593964089713
case0083,interface_10pct,0.0592,1.0,equal_current,0.1,24.147188919452592,24.012464367063608,4.0000000000000036,2.4651191853399674
case0084,independent32_seed11,0.0592,1.0,equal_charge,0.001,99.75367545571298,99.01585743152509,0.0,-0.037336137565962754
case0085,independent32_seed11,0.0592,1.0,equal_current,0.001,99.75369694992492,99.01658701468365,0.0,-0.03714210287422519
case0086,independent32_seed11,0.0592,1.0,equal_charge,0.01,99.35529007250743,99.01625484930406,0.0,-0.03722763070305134
case0087,independent32_seed11,0.0592,1.0,equal_current,0.01,99.35518771889666,99.01575167206884,0.0,-0.03732454033762364
case0088,independent32_seed11,0.0592,1.0,equal_charge,0.1,99.01653750555421,99.02696776582611,0.0,-0.03386851318713108
case0089,independent32_seed11,0.0592,1.0,equal_current,0.1,99.01323480159952,99.02265368325754,0.0,-0.03491189993738708
case0090,independent32_seed22,0.0592,1.0,equal_charge,0.001,99.99900285284558,99.95618779418244,0.0,-0.005908282085180516
case0091,independent32_seed22,0.0592,1.0,equal_current,0.001,99.99900259602497,99.9561356982544,0.0,-0.005979380894621106
case0092,independent32_seed22,0.0592,1.0,equal_charge,0.01,99.99393895625418,99.95618620169633,0.0,-0.00589912751544977
case0093,independent32_seed22,0.0592,1.0,equal_current,0.01,99.99390439731971,99.95584229012576,0.0,-0.005954192706438335
case0094,independent32_seed22,0.0592,1.0,equal_charge,0.1,99.95609805320917,99.95638461904721,0.0,-0.005421681606582185
case0095,independent32_seed22,0.0592,1.0,equal_current,0.1,99.95429756310237,99.95330543459295,0.0,-0.006058860859380066
case0096,independent32_seed33,0.0592,1.0,equal_charge,0.001,99.98104698445871,99.92584161032588,0.0,0.000492477232232405
case0097,independent32_seed33,0.0592,1.0,equal_current,0.001,99.98105217786245,99.92655892593054,0.0,0.000648346465466354
case0098,independent32_seed33,0.0592,1.0,equal_charge,0.01,99.93473215662266,99.92588098261602,0.0,0.0004917139789679947
case0099,independent32_seed33,0.0592,1.0,equal_current,0.01,99.93464515918531,99.92525976959534,0.0,0.0003964394688915629
case0100,independent32_seed33,0.0592,1.0,equal_charge,0.1,99.92650242970204,99.92679878661347,0.0,0.00038804120827684585
case0101,independent32_seed33,0.0592,1.0,equal_current,0.1,99.92268334116608,99.92119808959981,0.0,-0.0009135404078416953
case0102,cut,0.0592,1.0,equal_charge,0.001,2.7150822669444653e-10,8.50506218291211e-10,55.99999999999999,
case0103,cut,0.0592,1.0,equal_current,0.001,1.1877098808876073e-09,2.9330978975634567e-09,31.000000000000004,
case0104,cut,0.0592,1.0,equal_charge,0.01,3.6522460761127183e-10,5.968781252196868e-10,187.0,
case0105,cut,0.0592,1.0,equal_current,0.01,1.623497303333394e-10,3.7422275083653905e-10,170.99999999999997,
case0106,cut,0.0592,1.0,equal_charge,0.1,1.9470465967052796e-09,6.645843406412163e-10,13.999999999999998,
case0107,cut,0.0592,1.0,equal_current,0.1,9.764506987945155e-11,4.099314071996917e-11,27.999999999999996,
case0108,original,0.0592,4.0,equal_charge,0.001,100.0,100.0,0.0,0.0
case0109,original,0.0592,4.0,equal_current,0.001,100.0,100.0,0.0,0.0
case0110,original,0.0592,4.0,equal_charge,0.01,100.00000000000001,100.0,0.0,0.0
case0111,original,0.0592,4.0,equal_current,0.01,100.0,100.0,0.0,0.0
case0112,original,0.0592,4.0,equal_charge,0.1,100.0,99.99999999999999,0.0,0.0
case0113,original,0.0592,4.0,equal_current,0.1,100.0,100.0,0.0,0.0
case0114,interface_10pct,0.0592,4.0,equal_charge,0.001,27.433946279628287,38.059001867392325,3.0,2.6089543859490125
case0115,interface_10pct,0.0592,4.0,equal_current,0.001,27.435201844008677,38.06419937483763,3.0,2.608880943951288
case0116,interface_10pct,0.0592,4.0,equal_charge,0.01,31.71540989290391,38.05989275287609,0.9999999999999991,2.607199755000553
case0117,interface_10pct,0.0592,4.0,equal_current,0.01,31.71495603411397,38.057302685064045,0.9999999999999991,2.606179339912782
case0118,interface_10pct,0.0592,4.0,equal_charge,0.1,38.065024481434115,37.88010968853303,3.0000000000000027,2.3794454091266917
case0119,interface_10pct,0.0592,4.0,equal_current,0.1,38.05448831933229,37.86593709957189,3.0000000000000027,2.371273200818723
case0120,independent32_seed11,0.0592,4.0,equal_charge,0.001,99.29736938270062,98.90312685922513,0.0,0.019458596804057537
case0121,independent32_seed11,0.0592,4.0,equal_current,0.001,99.29737785294593,98.90365822161405,0.0,0.02438409730283822
case0122,independent32_seed11,0.0592,4.0,equal_charge,0.01,98.72561184049673,98.90312252655093,0.0,0.019220457540741753
case0123,independent32_seed11,0.0592,4.0,equal_current,0.01,98.72554183771553,98.9026567060956,0.0,0.018625850801803553
case0124,independent32_seed11,0.0592,4.0,equal_charge,0.1,98.9032284015436,98.90021118479123,0.0,0.016423455200982595
case0125,independent32_seed11,0.0592,4.0,equal_current,0.1,98.90157177951535,98.89758017430576,0.0,0.015631481726480212
case0126,independent32_seed22,0.0592,4.0,equal_charge,0.001,99.99490761694692,99.76603498515671,0.0,-0.012715327297019297
case0127,independent32_seed22,0.0592,4.0,equal_current,0.001,99.99490987006614,99.76635819702736,0.0,-0.011872439031807014
case0128,independent32_seed22,0.0592,4.0,equal_charge,0.01,99.89514908561199,99.76619026319517,0.0,-0.012835978959117866
case0129,independent32_seed22,0.0592,4.0,equal_current,0.01,99.89510370521869,99.76591685381877,0.0,-0.012894964725358032
case0130,independent32_seed22,0.0592,4.0,equal_charge,0.1,99.76629622461367,99.77018399298453,0.0,-0.011056967927157435
case0131,independent32_seed22,0.0592,4.0,equal_current,0.1,99.76492797444575,99.76821423181839,0.0,-0.01196364530148264
case0132,independent32_seed33,0.0592,4.0,equal_charge,0.001,99.93076324292652,100.02931875049373,0.0,0.010003626736107205
case0133,independent32_seed33,0.0592,4.0,equal_current,0.001,99.93076897682715,100.03066043347079,0.0,0.016913696236584355
case0134,independent32_seed33,0.0592,4.0,equal_charge,0.01,99.94520856620623,100.0293713198288,0.0,0.00967787104769538
case0135,independent32_seed33,0.0592,4.0,equal_current,0.01,99.94515060541993,100.02890047220836,0.0,0.008847783114841398
case0136,independent32_seed33,0.0592,4.0,equal_charge,0.1,100.02984783392043,100.02723171042346,0.0,0.008161066615712531
case0137,independent32_seed33,0.0592,4.0,equal_current,0.1,100.02776992441022,100.02461008644778,0.0,0.007292703435371473
case0138,cut,0.0592,4.0,equal_charge,0.001,1.132545331731971e-05,5.747869805497688e-05,800.0,822.4980473960512
case0139,cut,0.0592,4.0,equal_current,0.001,3.154480220554349e-05,0.00015928553055604528,686.0,776.0777128824654
case0140,cut,0.0592,4.0,equal_charge,0.01,1.3073381124506388e-05,4.833425911840221e-05,778.0,823.3581118801492
case0141,cut,0.0592,4.0,equal_current,0.01,7.012864849521455e-06,2.350177079355899e-05,816.0000000000001,839.0596931990522
case0142,cut,0.0592,4.0,equal_charge,0.1,9.887044738525815e-05,5.289405125170308e-05,816.0,795.636049154029
case0143,cut,0.0592,4.0,equal_current,0.1,4.347829618633466e-06,1.0845788397934346e-06,952.0,873.6679930851436
